0,1,2,3,4,5,6,7,8
9,10,11,12,13,14,15,16,17
18,19,20,21,22,23,24,25,26
27,28,29,30,31,32,33,34,35
36,37,38,39,40,41,42,43,44
45,46,47,48,49,50,51,52,53
54,55,56,57,58,59,60,61,62
63,64,65,66,67,68,69,70,71
72,73,74,75,76,77,78,79,80
81,82,83,84,85,86,87,88,89
90,91,92,93,94,95,96,97,98
99,100,101,102,103,104,105,106,107
108,109,110,111,112,113,114,115,116
117,118,119,120,121,122,123,124,125
126,127,128,129,130,131,132,133,134
135,136,137,138,139,140,141,142,143
144,145,146,147,148,149,150,151,152
153,154,155,156,157,158,159,160,161
162,163,164,165,166,167,168,169,170
171,172,173,174,175,176,177,178,179
180,181,182,183,184,185,186,187,188
189,190,191,192,193,194,195,196,197
198,199,200,201,202,203,204,205,206
207,208,209,210,211,212,213,214,215
216,217,218,219,220,221,222,223,224
225,226,227,228,229,230,231,232,233
234,235,236,237,238,239,240,241,242
243,244,245,246,247,248,249,250,251
252,253,254,255,256,257,258,259,260
261,262,263,264,265,266,267,268,269
270,271,272,273,274,275,276,277,278
279,280,281,282,283,284,285,286,287
288,289,290,291,292,293,294,295,296
297,298,299,300,301,302,303,304,305
306,307,308,309,310,311,312,313,314
315,316,317,318,319,320,321,322,323
324,325,326,327,328,329,330,331,332
333,334,335,336,337,338,339,340,341
342,343,344,345,346,347,348,349,350
351,352,353,354,355,356,357,358,359
360,361,362,363,364,365,366,367,368
369,370,371,372,373,374,375,376,377
378,379,380,381,382,383,384,385,386
387,388,389,390,391,392,393,394,395
396,397,398,399,400,401,402,403,404
405,406,407,408,409,410,411,412,413
414,415,416,417,418,419,420,421,422
423,424,425,426,427,428,429,430,431
432,433,434,435,436,437,438,439,440
441,442,443,444,445,446,447,448,449
450,451,452,453,454,455,456,457,458
459,460,461,462,463,464,465,466,467
468,469,470,471,472,473,474,475,476
477,478,479,480,481,482,483,484,485
486,487,488,489,490,491,492,493,494
495,496,497,498,499,500,501,502,503
504,505,506,507,508,509,510,511,512
513,514,515,516,517,518,519,520,521
522,523,524,525,526,527,528,529,530
531,532,533,534,535,536,537,538,539
540,541,542,543,544,545,546,547,548
549,550,551,552,553,554,555,556,557
558,559,560,561,562,563,564,565,566
567,568,569,570,571,572,573,574,575
576,577,578,579,580,581,582,583,584
585,586,587,588,589,590,591,592,593
594,595,596,597,598,599,600,601,602
603,604,605,606,607,608,609,610,611
612,613,614,615,616,617,618,619,620
621,622,623,624,625,626,627,628,629
630,631,632,633,634,635,636,637,638
639,640,641,642,643,644,645,646,647
648,649,650,651,652,653,654,655,656
657,658,659,660,661,662,663,664,665
666,667,668,669,670,671,672,673,674
675,676,677,678,679,680,681,682,683
684,685,686,687,688,689,690,691,692
693,694,695,696,697,698,699,700,701
702,703,704,705,706,707,708,709,710
711,712,713,714,715,716,717,718,719
720,721,722,723,724,725,726,727,728
729,730,731,732,733,734,735,736,737
738,739,740,741,742,743,744,745,746
747,748,749,750,751,752,753,754,755
756,757,758,759,760,761,762,763,764
765,766,767,768,769,770,771,772,773
774,775,776,777,778,779,780,781,782
783,784,785,786,787,788,789,790,791
792,793,794,795,796,797,798,799,800
801,802,803,804,805,806,807,808,809
810,811,812,813,814,815,816,817,818
819,820,821,822,823,824,825,826,827
828,829,830,831,832,833,834,835,836
837,838,839,840,841,842,843,844,845
846,847,848,849,850,851,852,853,854
855,856,857,858,859,860,861,862,863
864,865,866,867,868,869,870,871,872
873,874,875,876,877,878,879,880,881
882,883,884,885,886,887,888,889,890
891,892,893,894,895,896,897,898,899
900,901,902,903,904,905,906,907,908
909,910,911,912,913,914,915,916,917
918,919,920,921,922,923,924,925,926
927,928,929,930,931,932,933,934,935
936,937,938,939,940,941,942,943,944
945,946,947,948,949,950,951,952,953
954,955,956,957,958,959,960,961,962
963,964,965,966,967,968,969,970,971
972,973,974,975,976,977,978,979,980
981,982,983,984,985,986,987,988,989
990,991,992,993,994,995,996,997,998
22,83,113,395,481,583,772,785,948
10,26,44,304,711,723,880,918,951
5,23,306,317,494,566,626,818,868
104,131,138,331,558,597,794,815,923
121,129,197,235,539,579,581,771,904
126,215,220,351,569,654,754,837,881
275,370,451,500,524,526,537,540,623
59,209,216,273,446,453,851,896,962
92,403,512,520,855,861,925,949,983
2,127,179,228,256,441,552,800,874
168,181,221,239,350,382,606,775,798
263,483,506,582,655,715,736,738,866
50,151,171,172,210,561,634,941,944
13,177,255,339,497,521,892,902,943
3,12,101,285,504,535,588,731,774
73,398,426,580,722,740,779,915,995
460,485,567,575,620,807,970,985,989
71,97,155,162,218,562,795,823,960
66,116,277,291,442,585,657,705,958
119,192,295,427,571,658,676,764,780
205,297,471,584,679,703,793,893,901
46,99,103,146,445,492,493,681,706
359,379,461,565,600,619,644,787,912
237,288,409,411,741,767,834,879,964
135,234,243,490,528,612,624,633,911
21,389,417,496,844,865,906,932,980
89,251,404,472,546,563,615,839,858
134,438,487,543,550,551,610,841,984
18,130,204,433,684,752,836,910,957
147,219,248,319,338,697,718,727,982
30,52,274,354,599,802,863,890,936
191,223,424,522,605,710,778,820,991
24,388,412,432,519,564,801,833,971
94,313,499,515,664,674,677,783,859
185,301,330,406,473,603,759,829,966
289,310,376,390,669,766,886,950,974
106,161,267,337,516,560,616,662,826
14,108,114,206,692,750,898,929,937
64,231,246,361,660,663,733,831,894
29,40,118,160,167,193,452,702,979
81,241,252,340,513,542,586,673,963
208,327,393,420,429,469,688,812,875
122,153,265,272,290,517,637,656,682
41,56,363,414,437,604,769,854,897
213,217,320,408,609,883,916,935,959
15,140,281,421,503,629,661,773,777
67,152,187,268,283,428,435,457,621
227,279,362,402,638,701,786,924,981
68,76,165,321,423,475,630,744,751
96,233,270,326,476,488,554,811,987
9,173,262,592,627,665,678,814,884
120,299,343,394,399,632,742,857,905
356,378,525,640,735,797,845,888,992
25,53,57,115,287,300,315,344,576
8,305,407,440,480,709,810,838,889
51,102,112,196,214,468,595,618,691
6,154,212,385,555,568,739,790,994
47,318,373,375,447,719,757,832,878
381,436,484,534,577,646,650,782,990
7,170,449,557,687,713,760,830,864
70,226,352,386,477,746,922,930,977
35,111,159,236,335,462,724,827,945
36,38,259,325,514,614,675,765,961
0,90,188,242,244,324,448,763,867
137,284,346,396,454,589,598,611,891
117,174,176,222,250,357,792,928,975
28,186,224,229,387,545,594,641,931
84,144,238,280,345,366,732,761,819
20,74,207,358,418,507,530,587,885
1,143,202,230,282,334,464,770,947
271,419,527,712,725,895,965,976,978
78,132,258,323,383,556,849,955,993
31,316,348,368,400,456,505,716,755
42,85,124,198,302,360,458,590,808
49,194,307,413,416,431,455,704,913
39,58,474,651,652,825,856,899,969
33,298,613,659,699,708,809,843,946
148,195,253,266,329,364,450,486,862
16,45,72,82,510,574,749,852,909
145,211,372,410,430,467,544,756,942
43,495,511,536,596,720,728,734,927
163,164,278,443,508,509,532,593,748
55,91,136,139,377,523,642,813,996
175,276,336,374,643,689,747,784,848
80,100,541,549,573,647,698,877,903
11,17,61,93,422,639,743,939,973
48,98,110,166,225,249,294,547,872
87,401,608,680,686,696,737,804,853
75,109,150,183,247,501,730,762,926
62,88,322,470,796,806,842,860,870
141,254,371,459,491,553,645,690,824
107,245,367,498,653,672,745,921,934
105,365,570,617,631,671,729,847,986
199,269,314,332,648,685,717,933,998
54,257,349,353,439,668,789,817,822
142,303,391,434,628,821,871,873,920
4,65,86,312,463,835,846,869,997
128,293,572,635,776,828,907,953,988
311,405,415,531,578,625,758,850,876
27,60,184,203,397,670,799,919,954
63,157,292,308,347,482,781,887,908
169,180,478,693,707,726,753,803,940
125,380,444,489,502,518,805,840,914
37,342,479,538,622,666,683,956,968
149,178,341,392,466,591,601,721,967
19,79,296,369,533,649,700,900,938
190,200,201,264,333,602,636,694,816
34,158,240,384,529,548,607,714,882
95,189,232,260,286,328,425,465,791
69,133,156,182,309,355,917,952,972
32,77,123,261,559,667,695,768,788
14,59,87,202,402,447,556,567,772
47,51,182,331,452,463,560,604,692
13,89,144,212,422,531,624,951,959
187,192,285,312,679,760,795,857,898
7,35,91,245,317,414,508,509,887
165,168,223,428,482,543,782,792,820
36,55,160,173,323,376,513,735,880
124,282,294,377,421,476,538,757,797
23,32,347,405,609,761,903,929,988
247,268,588,695,765,828,838,846,873
157,228,233,248,316,358,361,496,759
12,49,204,333,581,716,780,845,967
15,234,365,438,619,630,691,847,879
9,104,195,283,302,372,399,409,769
19,56,199,501,613,652,674,923,946
44,103,179,383,580,612,844,883,975
119,246,548,585,607,739,750,774,853
61,81,94,108,408,472,826,884,962
8,26,37,92,120,155,216,242,608
72,73,121,161,350,432,483,764,991
102,336,349,410,521,595,754,768,901
16,206,231,286,329,455,547,616,667
115,178,256,261,328,465,537,623,752
42,363,689,733,796,800,842,958,963
0,180,339,353,440,498,729,742,980
64,125,138,423,603,753,848,885,890
172,215,235,297,352,598,741,778,863
24,41,209,217,431,486,672,688,805
111,429,502,541,587,758,839,859,899
112,116,128,169,427,532,579,936,971
163,176,218,287,394,740,862,864,874
46,251,499,519,520,575,622,635,791
190,201,298,559,574,637,738,910,948
244,481,489,631,809,856,904,908,996
53,135,153,226,284,424,522,558,992
38,100,671,676,713,720,743,746,827
118,136,395,436,732,835,858,872,944
563,589,592,625,633,651,707,819,877
142,243,406,441,606,627,678,802,917
105,197,291,384,401,442,530,850,932
62,117,186,319,544,669,685,708,938
22,96,193,279,461,492,680,882,986
191,257,562,661,697,699,909,920,993
162,219,321,503,646,701,815,840,965
129,341,443,517,570,823,837,895,966
66,107,174,281,396,435,459,888,894
67,194,236,311,593,605,812,866,925
27,131,345,495,539,767,913,914,983
21,167,211,310,320,491,905,931,995
5,262,272,332,378,453,762,763,878
307,464,561,583,653,682,702,818,868
52,185,288,473,493,577,721,829,926
74,76,238,327,673,703,745,945,978
250,264,306,413,526,602,610,751,960
130,132,330,369,375,730,831,841,930
79,263,389,430,471,506,568,617,942
34,75,82,99,181,723,783,969,976
222,260,273,280,354,381,711,861,982
3,68,425,527,540,640,655,784,804
1,224,295,359,370,516,518,648,860
83,289,300,533,628,704,801,836,851
114,164,237,305,576,727,777,787,869
166,188,477,528,554,611,698,794,935
252,255,451,485,542,670,731,956,974
69,322,571,693,813,852,907,968,981
113,184,205,382,390,467,736,876,927
326,362,388,510,529,636,662,726,916
98,220,258,415,478,618,825,924,964
2,139,296,645,686,771,798,822,833
230,240,454,480,569,786,933,939,952
20,39,85,267,385,600,644,710,891
208,265,278,292,342,417,433,781,900
45,84,200,419,597,677,683,779,934
40,175,335,387,411,649,657,871,881
25,253,325,446,524,664,747,921,922
43,71,122,364,368,511,535,712,843
337,494,550,578,584,590,599,663,706
207,299,439,449,654,684,886,896,906
4,60,159,196,274,717,902,937,955
416,426,434,462,545,572,591,629,854
149,445,626,634,725,865,970,979,994
6,151,221,412,418,475,621,690,990
31,275,309,398,582,793,803,870,977
65,380,557,601,666,681,748,789,989
77,158,203,301,313,469,507,515,525
78,126,171,351,373,420,638,790,817
152,227,357,404,594,596,643,755,889
17,109,392,407,474,660,773,830,941
18,269,303,324,355,479,647,675,756
225,444,448,488,523,811,949,954,998
28,80,95,123,371,487,555,912,973
97,154,198,271,290,360,714,915,940
48,63,189,315,696,715,737,799,972
30,177,249,403,534,573,724,728,893
86,93,106,150,270,346,356,700,709
70,148,241,379,776,810,816,867,919
50,156,314,366,457,460,546,749,788
29,143,304,458,639,659,734,806,928
183,254,259,393,500,552,722,897,997
137,308,318,348,374,391,614,650,718
33,101,338,386,437,551,687,719,775
140,145,266,340,468,470,549,785,950
57,88,229,536,553,632,770,807,824
134,141,397,450,668,694,849,855,957
133,210,367,456,564,566,641,821,947
10,90,334,344,400,642,832,834,892
11,110,147,466,504,565,658,814,987
54,213,214,490,505,514,766,875,943
58,146,239,293,343,484,656,665,918
170,232,277,497,615,620,808,961,984
127,276,512,586,705,744,911,953,985
21,139,196,285,355,380,404,496,713
93,117,167,168,179,181,187,751,977
84,164,214,538,574,679,768,808,917
42,229,452,458,493,835,884,946,954
191,269,454,535,639,662,792,914,939
129,235,317,415,576,673,898,995,998
91,163,209,338,479,553,627,780,913
46,223,258,345,350,445,595,602,769
77,138,243,277,287,323,642,908,944
15,150,274,550,557,770,782,868,869
29,45,281,324,421,432,752,755,881
101,219,325,354,464,616,625,760,937
35,293,307,477,600,672,757,844,990
16,133,247,278,286,589,689,712,800
173,566,590,718,827,904,963,972,976
96,126,239,257,267,303,397,634,865
39,299,316,509,668,683,787,829,993
99,272,353,548,561,714,771,853,897
40,135,284,336,555,649,745,772,933
319,434,463,486,599,691,767,830,895
4,75,151,227,283,291,494,585,950
124,156,178,261,529,564,778,818,923
12,47,159,176,451,539,841,888,958
263,320,482,549,613,620,711,791,918
62,346,347,394,418,692,724,925,942
27,185,505,563,597,733,815,843,959
194,206,384,450,511,537,544,577,817
86,131,177,256,393,442,473,635,957
81,102,237,329,333,439,682,759,805
92,154,215,314,359,646,666,677,819
22,31,153,390,420,471,604,738,798
58,134,197,435,483,579,693,828,996
10,48,166,311,422,664,720,922,981
184,276,362,472,647,707,876,911,932
366,461,530,584,591,699,739,816,985
112,147,225,443,455,459,559,606,630
18,68,106,210,280,322,470,546,774
377,395,506,612,695,736,833,866,906
83,328,527,722,730,783,790,801,916
5,304,534,681,697,766,847,889,955
1,82,171,588,678,690,852,909,935
80,169,211,217,392,586,622,704,850
125,165,205,335,466,510,518,753,786
66,98,260,490,551,614,811,812,885
17,69,162,242,268,318,356,592,986
61,108,312,341,410,669,725,748,952
13,232,255,301,383,570,575,777,851
26,43,155,233,348,367,441,848,975
372,385,531,565,631,744,754,826,858
296,571,587,632,674,747,924,969,994
326,337,342,403,430,480,519,533,859
90,254,400,433,453,547,688,709,979
24,78,111,240,456,488,636,721,936
7,128,142,145,234,582,806,938,951
23,119,199,228,295,413,542,567,785
65,183,334,363,414,498,540,823,931
44,381,499,516,663,680,756,831,991
182,204,253,541,621,633,651,740,773
143,309,327,500,569,641,648,698,919
38,70,236,601,710,804,892,960,997
57,200,245,264,292,305,658,837,967
149,271,398,528,617,618,694,860,949
107,213,246,330,717,873,890,934,980
53,95,144,198,344,524,684,743,901
132,146,357,369,417,737,794,894,961
56,105,340,388,460,558,671,797,842
189,218,382,437,572,655,807,903,943
59,74,241,358,371,376,399,729,927
137,188,248,262,368,492,788,809,992
73,175,220,315,495,560,670,703,742
54,85,157,290,297,623,645,654,701
52,103,352,484,723,821,902,915,978
11,127,186,212,279,424,610,824,861
251,375,481,661,696,734,789,793,834
3,89,120,170,249,252,364,870,964
19,114,136,308,331,449,628,872,921
28,116,152,201,653,764,891,968,974
55,180,203,428,598,656,857,867,930
33,37,121,193,224,406,419,984,989
238,273,389,474,532,640,685,875,929
190,207,361,517,657,838,878,965,983
141,343,489,578,596,687,795,796,845
244,423,465,475,520,615,746,779,864
8,34,49,122,208,231,412,491,638
118,405,407,525,727,775,855,863,879
67,104,226,294,387,515,644,896,900
192,411,543,608,629,700,761,907,973
76,302,425,523,637,675,741,880,905
2,310,339,485,706,728,825,883,899
87,259,266,370,447,573,719,799,940
20,51,501,536,609,750,813,874,882
379,391,593,611,659,715,765,802,926
130,148,288,396,497,749,763,784,832
32,36,195,467,512,708,716,820,928
88,313,545,603,735,814,839,856,947
25,275,300,408,444,457,502,607,626
289,521,580,643,665,836,840,945,966
230,440,448,581,619,650,676,910,987
30,63,216,222,427,468,513,871,970
64,351,386,487,508,758,886,920,941
79,94,202,409,476,624,822,893,988
41,100,365,503,514,846,956,962,971
250,265,374,446,469,526,552,660,686
50,97,113,140,360,429,705,877,887
161,270,332,373,436,522,568,702,854
0,174,462,554,583,594,652,667,731
9,60,298,306,349,378,402,431,810
6,14,72,221,321,504,726,948,953
123,172,401,416,438,776,781,849,912
158,160,282,478,556,605,732,803,982
71,109,110,115,426,507,562,762,862
